api_name,display_name,description,hidden,icon,icon_locked
"first_death","Ink on the Floor","Die for the first time.","no","media/achievements/first_death.jpg","media/achievements/first_death_locked.jpg"
"beat_ch1","Chapter I Closed","Defeat the Chapter I boss.","no","media/achievements/beat_ch1.jpg","media/achievements/beat_ch1_locked.jpg"
"beat_ch2","Out of the Steam","Defeat the Chapter II boss.","no","media/achievements/beat_ch2.jpg","media/achievements/beat_ch2_locked.jpg"
"beat_ch3","Drained","Defeat the Chapter III boss.","no","media/achievements/beat_ch3.jpg","media/achievements/beat_ch3_locked.jpg"
"beat_ch4","Discharged","Defeat the Chapter IV boss.","no","media/achievements/beat_ch4.jpg","media/achievements/beat_ch4_locked.jpg"
"beat_ch5","Bone Deep","Defeat the Chapter V boss.","no","media/achievements/beat_ch5.jpg","media/achievements/beat_ch5_locked.jpg"
"beat_ch6","Last Rites","Defeat the Chapter VI boss.","no","media/achievements/beat_ch6.jpg","media/achievements/beat_ch6_locked.jpg"
"beat_ch7","Through the Hollow","Defeat the Chapter VII boss.","no","media/achievements/beat_ch7.jpg","media/achievements/beat_ch7_locked.jpg"
"beat_final","The Binding Holds","Finish the story.","no","media/achievements/beat_final.jpg","media/achievements/beat_final_locked.jpg"
"beat_unwritten","The Last Page","Go through the tear after the Binding and defeat what waits on the Last Page.","yes","media/achievements/beat_unwritten.jpg","media/achievements/beat_unwritten_locked.jpg"
"beat_author","The Foreword","Follow the light after the Binding and face the one who wrote it all.","yes","media/achievements/beat_author.jpg","media/achievements/beat_author_locked.jpg"
"back_stair","Visiting Hours","Take the back stair to St. Agnes.","yes","media/achievements/back_stair.jpg","media/achievements/back_stair_locked.jpg"
"both_halves","Both Halves","Put Grandfather's letter back together.","yes","media/achievements/both_halves.jpg","media/achievements/both_halves_locked.jpg"
"beat_patient","The Visit","Open Room 4 and stay until the end.","yes","media/achievements/beat_patient.jpg","media/achievements/beat_patient_locked.jpg"
"the_end","Goodnight","See the very last ending.","yes","media/achievements/the_end.jpg","media/achievements/the_end_locked.jpg"
"notes_all","Collected Works","Read every one of Grandfather's notes.","yes","media/achievements/notes_all.jpg","media/achievements/notes_all_locked.jpg"
"echo_rest","Laid to Rest","Defeat your own echo, where you fell last time.","no","media/achievements/echo_rest.jpg","media/achievements/echo_rest_locked.jpg"
"flawless_boss","Untouched","Defeat a boss without taking damage.","no","media/achievements/flawless_boss.jpg","media/achievements/flawless_boss_locked.jpg"
"secrets_10","Hollow Walls","Find 10 secrets.","no","media/achievements/secrets_10.jpg","media/achievements/secrets_10_locked.jpg"
"transform_moth","Mothkin","Become Mothkin.","yes","media/achievements/transform_moth.jpg","media/achievements/transform_moth_locked.jpg"
"transform_ink","Inkblooded","Become Inkblooded.","yes","media/achievements/transform_ink.jpg","media/achievements/transform_ink_locked.jpg"
"transform_clock","Clockwork","Become Clockwork.","yes","media/achievements/transform_clock.jpg","media/achievements/transform_clock_locked.jpg"
"transform_wax","Waxen Saint","Become the Waxen Saint.","yes","media/achievements/transform_wax.jpg","media/achievements/transform_wax_locked.jpg"
"transform_thread","Needleworker","Become the Needleworker.","yes","media/achievements/transform_thread.jpg","media/achievements/transform_thread_locked.jpg"
"transform_bone","Ossified","Become Ossified.","yes","media/achievements/transform_bone.jpg","media/achievements/transform_bone_locked.jpg"
"transform_void","Hollowed","Become Hollowed.","yes","media/achievements/transform_void.jpg","media/achievements/transform_void_locked.jpg"
"win_wren","Slingshot Saga","Finish the story as Wren.","no","media/achievements/win_wren.jpg","media/achievements/win_wren_locked.jpg"
"win_edda","Hemmed In","Finish the story as Edda.","no","media/achievements/win_edda.jpg","media/achievements/win_edda_locked.jpg"
"win_elias","Rest Now","Finish the story as Elias.","no","media/achievements/win_elias.jpg","media/achievements/win_elias_locked.jpg"
"win_blot","Stain Remover","Finish the story as The Blot.","no","media/achievements/win_blot.jpg","media/achievements/win_blot_locked.jpg"
"speedrun","Bedtime","Finish the story in under 25 minutes.","no","media/achievements/speedrun.jpg","media/achievements/speedrun_locked.jpg"
"ch_glass","Burning Glass Challenge","Complete ""Magnifying Glass"".","no","media/achievements/ch_glass.jpg","media/achievements/ch_glass_locked.jpg"
"ch_swarm","Swarm Challenge","Complete ""The Menagerie"".","no","media/achievements/ch_swarm.jpg","media/achievements/ch_swarm_locked.jpg"
"ch_darkness","Darkness Challenge","Complete ""Lights Out"".","no","media/achievements/ch_darkness.jpg","media/achievements/ch_darkness_locked.jpg"
"ch_twins","Twins Challenge","Complete ""Double Trouble"".","no","media/achievements/ch_twins.jpg","media/achievements/ch_twins_locked.jpg"
"ch_ink","Ink Challenge","Complete ""Inkstorm"".","no","media/achievements/ch_ink.jpg","media/achievements/ch_ink_locked.jpg"
"kills_250","Ink Slinger","Defeat 250 enemies.","no","media/achievements/kills_250.jpg","media/achievements/kills_250_locked.jpg"
"kills_2000","Massacre","Defeat 2,000 enemies.","no","media/achievements/kills_2000.jpg","media/achievements/kills_2000_locked.jpg"
"runs_5","Regular","Start 5 runs.","no","media/achievements/runs_5.jpg","media/achievements/runs_5_locked.jpg"
"runs_25","Insomniac","Start 25 runs.","no","media/achievements/runs_25.jpg","media/achievements/runs_25_locked.jpg"
"deaths_10","Ten Drafts","Die 10 times.","no","media/achievements/deaths_10.jpg","media/achievements/deaths_10_locked.jpg"
"buttons_500","Button Hoarder","Collect 500 buttons in total.","no","media/achievements/buttons_500.jpg","media/achievements/buttons_500_locked.jpg"
"deals_3","Fine Print","Take 3 deals.","no","media/achievements/deals_3.jpg","media/achievements/deals_3_locked.jpg"
"secrets_25","Wall Whisperer","Find 25 secrets.","no","media/achievements/secrets_25.jpg","media/achievements/secrets_25_locked.jpg"
"supersecret","Deeper Still","Find a Deep Crawlspace.","no","media/achievements/supersecret.jpg","media/achievements/supersecret_locked.jpg"
"shop_10","Good Customer","Buy 10 things from shops.","no","media/achievements/shop_10.jpg","media/achievements/shop_10_locked.jpg"
"items_15","Overstuffed","Hold 15 items at once.","no","media/achievements/items_15.jpg","media/achievements/items_15_locked.jpg"
"dmg_20","Glass Cannon","Reach 20 damage.","no","media/achievements/dmg_20.jpg","media/achievements/dmg_20_locked.jpg"
"flawless_floor","Not a Scratch","Clear a whole chapter without taking damage.","no","media/achievements/flawless_floor.jpg","media/achievements/flawless_floor_locked.jpg"
"fast_floor","Quick Study","Clear a chapter in under 90 seconds.","no","media/achievements/fast_floor.jpg","media/achievements/fast_floor_locked.jpg"
"all_bosses","Bestiary","Defeat every boss at least once.","no","media/achievements/all_bosses.jpg","media/achievements/all_bosses_locked.jpg"
"daily_first","Morning Paper","Play a Daily Run.","no","media/achievements/daily_first.jpg","media/achievements/daily_first_locked.jpg"
"all_dice","Every Face","Roll the D1, D4, Grandfather's Die, D7, D8, D9, D10, D12 and D20 at least once each.","no","media/achievements/all_dice.jpg","media/achievements/all_dice_locked.jpg"
"two_transforms","Two of Me","Have two transformations at the same time.","no","media/achievements/two_transforms.jpg","media/achievements/two_transforms_locked.jpg"
"dmg_15","Heavy Ink","Reach 15 damage in a run.","no","media/achievements/dmg_15.jpg","media/achievements/dmg_15_locked.jpg"
"challenges_3","Proven Thrice","Complete three challenges.","no","media/achievements/challenges_3.jpg","media/achievements/challenges_3_locked.jpg"
"unlock_ozzie","Loaded Dice","Defeat It Remembers while holding a die.","no","media/achievements/unlock_ozzie.jpg","media/achievements/unlock_ozzie_locked.jpg"
"unlock_bram","Not a Scratch on Me","Defeat three chapter bosses in one run without any of them hitting you.","no","media/achievements/unlock_bram.jpg","media/achievements/unlock_bram_locked.jpg"
"unlock_wick","Drawn to the Light","Finish the story while you are Mothkin.","no","media/achievements/unlock_wick.jpg","media/achievements/unlock_wick_locked.jpg"
"unlock_ada","Her Ring","Finish The Visit while carrying Grandmother's Ring.","yes","media/achievements/unlock_ada.jpg","media/achievements/unlock_ada_locked.jpg"
"win_ada","Pruned","Finish the story as Ada.","no","media/achievements/win_ada.jpg","media/achievements/win_ada_locked.jpg"
"win_ozzie","House Edge","Finish the story as Ozzie.","no","media/achievements/win_ozzie.jpg","media/achievements/win_ozzie_locked.jpg"
"win_nell","Lights On","Finish the story as Nell.","no","media/achievements/win_nell.jpg","media/achievements/win_nell_locked.jpg"
"win_bram","Heavy Hitter","Finish the story as Bram.","no","media/achievements/win_bram.jpg","media/achievements/win_bram_locked.jpg"
"win_wick","Into the Lamp","Finish the story as Wick.","no","media/achievements/win_wick.jpg","media/achievements/win_wick_locked.jpg"
"win_hard","Second Edition","Finish the story in Second Edition (Hard).","no","media/achievements/win_hard.jpg","media/achievements/win_hard_locked.jpg"
"transform_drain","Frostbitten","Become Frostbitten.","yes","media/achievements/transform_drain.jpg","media/achievements/transform_drain_locked.jpg"
"transform_crew","The Boys","Hold Crug's Pen, Ewen's Bike, Gavyn's Pouch and Sam's Beer at the same time.","yes","media/achievements/transform_crew.jpg","media/achievements/transform_crew_locked.jpg"
"transform_jeffy","Tantrum","Throw a Tantrum: collect its three items.","yes","media/achievements/transform_jeffy.jpg","media/achievements/transform_jeffy_locked.jpg"
"shop_max","Patron of the Arts","Raise the shop to its top level with donations.","no","media/achievements/shop_max.jpg","media/achievements/shop_max_locked.jpg"
"transform_laser","Live Wire","Carry three laser items at once.","yes","media/achievements/transform_laser.jpg","media/achievements/transform_laser_locked.jpg"
"transform_vamp","Night Count","Become the Night Count.","yes","media/achievements/transform_vamp.jpg","media/achievements/transform_vamp_locked.jpg"
"tainted_marcus","The Smudged","Earn all five marks as Marcus.","yes","media/achievements/tainted_marcus.jpg","media/achievements/tainted_marcus_locked.jpg"
"tainted_wren","The Runaway","Earn all five marks as Wren.","yes","media/achievements/tainted_wren.jpg","media/achievements/tainted_wren_locked.jpg"
"tainted_edda","The Unravelled","Earn all five marks as Edda.","yes","media/achievements/tainted_edda.jpg","media/achievements/tainted_edda_locked.jpg"
"tainted_elias","The Forgotten","Earn all five marks as Elias.","yes","media/achievements/tainted_elias.jpg","media/achievements/tainted_elias_locked.jpg"
"tainted_blot","The Spill","Earn all five marks as The Blot.","yes","media/achievements/tainted_blot.jpg","media/achievements/tainted_blot_locked.jpg"
"tainted_ozzie","The Broke","Earn all five marks as Ozzie.","yes","media/achievements/tainted_ozzie.jpg","media/achievements/tainted_ozzie_locked.jpg"
"tainted_nell","The Burnt Out","Earn all five marks as Nell.","yes","media/achievements/tainted_nell.jpg","media/achievements/tainted_nell_locked.jpg"
"tainted_bram","The Brute","Earn all five marks as Bram.","yes","media/achievements/tainted_bram.jpg","media/achievements/tainted_bram_locked.jpg"
"tainted_wick","The Swarm","Earn all five marks as Wick.","yes","media/achievements/tainted_wick.jpg","media/achievements/tainted_wick_locked.jpg"
"tainted_ada","The Withered","Earn all five marks as Ada.","yes","media/achievements/tainted_ada.jpg","media/achievements/tainted_ada_locked.jpg"
