chapter_id,chapter,title,bpm,meter,duration_seconds,ogg,mp3,mood
cellar,The Cellar,Under the Floorboards,156,4/4,73.846145,OGG/01-cellar.ogg,MP3/01-cellar.mp3,"Melodic electronic rock. Dry drums, woody plucks, warm analog bass and a restless chip melody."
boiler,The Boiler Rooms,Pressure Vessel,168,4/4,68.571429,OGG/02-boiler.ogg,MP3/02-boiler.mp3,"Melodic electronic rock. Piston-like kicks, metallic impacts, distorted power chords and steam swells."
underworks,The Underworks,Downstream,148,4/4,77.837846,OGG/03-underworks.ogg,MP3/03-underworks.mp3,"Melodic electronic rock. Swung broken drums, wet plucks, low bass and dripping echoes."
ward,The Forgotten Ward,Empty Beds,140,4/4,82.285714,OGG/04-ward.ogg,MP3/04-ward.mp3,"Melodic electronic rock. Fragile music-box notes over a pulse, distant organ and restrained drums."
depths,The Depths,Weight of Stone,142,4/4,81.126757,OGG/05-depths.ogg,MP3/05-depths.mp3,"Melodic electronic rock. Low distorted chords, heavy toms and a slow, cavernous organ hook."
chapel,The Chapel,Wax and Ash,152,4/4,75.789478,OGG/06-chapel.ogg,MP3/06-chapel.mp3,"Melodic electronic rock. Pipe-organ counterpoint, tolling bells, bass and gothic rock drums."
hollow,The Hollow,A Tear in the Page,158,4/4,72.911383,OGG/07-hollow.ogg,MP3/07-hollow.mp3,"Melodic electronic rock. Unstable glass tones, chopped rhythms, deep sub-bass and wide reverse swells."
binding,The Binding,Thread Through the Spine,166,4/4,69.397596,OGG/08-binding.ogg,MP3/08-binding.mp3,"Melodic electronic rock. A rising chip-rock theme, organ harmonies and full power chords."
rootcellar,The Root Cellar,Roots in the Dark,144,4/4,80.0,OGG/09-rootcellar.ogg,MP3/09-rootcellar.mp3,"Melodic electronic rock. Earthy wooden tones, hand-drum-like toms and creeping bass."
coalchute,The Coal Chute,Black Lung,158,4/4,72.911383,OGG/10-coalchute.ogg,MP3/10-coalchute.mp3,"Melodic electronic rock. Low chugging guitars, gritty bass, coal-cart clanks and heavy half-time drums."
flooded,The Flooded Drains,Below the Waterline,150,4/4,76.8,OGG/11-flooded.ogg,MP3/11-flooded.mp3,"Melodic electronic rock. Submerged pads, ripple arpeggios, liquid lead and syncopated drums."
morgue,The Morgue,Cold Drawers,136,4/4,84.705873,OGG/12-morgue.ogg,MP3/12-morgue.mp3,"Melodic electronic rock. Widely spaced metal bells, icy organ and low heartbeat percussion."
catacombs,The Catacombs,Bone Shelves,150,4/4,76.8,OGG/13-catacombs.ogg,MP3/13-catacombs.mp3,"Melodic electronic rock. Bone-dry wooden clicks, ritual toms and a descending harmonic-minor refrain."
belfry,The Belfry,The Last Toll,162,4/4,71.111111,OGG/14-belfry.ogg,MP3/14-belfry.mp3,Melodic electronic rock. A driving three-beat bell theme with organ and galloping bass.
inkwell,The Inkwell,Blue Black,152,4/4,75.789478,OGG/15-inkwell.ogg,MP3/15-inkwell.mp3,"Melodic electronic rock. Thick bass, sticky offbeat drums, descending leads and ink-drop pulses."
attic,The Attic,Things We Kept,144,4/4,80.0,OGG/16-attic.ogg,MP3/16-attic.mp3,Melodic electronic rock. A crooked toy-box waltz with plucked strings and floorboard knocks.
greenhouse,The Greenhouse,Glass and Thorns,154,4/4,74.805193,OGG/17-greenhouse.ogg,MP3/17-greenhouse.mp3,"Melodic electronic rock. Growing arpeggios, bright plucks, rustling percussion and a tense bass groove."
printshop,The Print Shop,Red Type,166,4/4,69.397596,OGG/18-printshop.ogg,MP3/18-printshop.mp3,"Melodic electronic rock. Press-like percussion, tightly gated synths and staccato mechanical riffs."
cistern,The Frozen Cistern,Ice Holds Its Breath,144,4/4,80.0,OGG/19-cistern.ogg,MP3/19-cistern.mp3,"Melodic electronic rock. Glassy high notes, crystalline arpeggios and spacious, muted broken drums."
clocktower,The Clocktower,Four Minutes Past Four,170,4/4,67.764717,OGG/20-clocktower.ogg,MP3/20-clocktower.mp3,"Melodic electronic rock. Interlocking ticks, harpsichord runs, pendulum bass and insistent snare."
stacks,The Library Stacks,Between the Spines,146,4/4,78.904104,OGG/21-stacks.ogg,MP3/21-stacks.mp3,"Melodic electronic rock. A shadowy chamber waltz, harpsichord, low organ and paper-like shuffles."
margins,The Margins,What Was Crossed Out,174,4/4,66.206893,OGG/22-margins.ogg,MP3/22-margins.mp3,"Melodic electronic rock. Fractured fast drums, abrasive synth hooks and restless low guitars."
lastpage,The Last Page,No More Words,178,4/4,64.719093,OGG/23-lastpage.ogg,MP3/23-lastpage.mp3,"Melodic electronic rock. Urgent arena music: climbing chip leads, heavy rhythms and a sparse central break."
dedication,The Dedication,For My Grandson,150,4/4,76.8,OGG/24-dedication.ogg,MP3/24-dedication.mp3,"Melodic electronic rock. Warm bell-like leads, broad organ chords and hopeful but forceful drums."
foreword,The Foreword,Before the First Word,172,4/4,66.976735,OGG/25-foreword.ogg,MP3/25-foreword.mp3,"Melodic electronic rock. Grand organ and chip counterpoint, bright upper harmonies and a determined final refrain."
waiting,The Waiting Room,Visiting Hours,136,4/4,84.705873,OGG/26-waiting.ogg,MP3/26-waiting.mp3,"Melodic electronic rock. An unfinished piano phrase, room-tone organ and a patient ticking pulse."
nightward,The Night Ward,Footsteps After Eight,144,4/4,80.0,OGG/27-nightward.ogg,MP3/27-nightward.mp3,"Melodic electronic rock. Footstep percussion, a slightly detuned toy melody and dark low pads."
icu,Intensive Care,Borrowed Breath,150,4/4,76.8,OGG/28-icu.ogg,MP3/28-icu.mp3,"Melodic electronic rock. Paired heartbeat kicks, monitor-like tones and swelling bass pressure."
room4,Room 4,The Good Chair,128,4/4,90.0,OGG/29-room4.ogg,MP3/29-room4.mp3,Melodic electronic rock. A vulnerable piano melody with an organ response and a heavier middle section.
home,Home,Morning Through the Window,88,3/4,98.181814,OGG/30-home.ogg,MP3/30-home.mp3,"A gentle major-key answer to Room 4: piano, soft bells and no combat drums."
